{
	"info": {
		"_postman_id": "4222921e-cf5e-49fd-8213-66d6c6400f22",
		"name": "payment",
		"schema": "https://schema.getpostman.com/json/collection/v2.1.0/collection.json"
	},
	"item": [
		{
			"name": "Add Card",
			"request": {
				"method": "POST",
				"header": [],
				"body": {
					"mode": "raw",
					"raw": "{\r\n    \"cardId\":\"1234567812345632\",\r\n\t\"nameOnCard\":\"Nobita\",\r\n\t\"cvv\":\"123\",\r\n\t\"expiryDate\":\"2028-10\",\r\n\t\"cardType\":\"DEBIT_CARD\",\r\n\t\"customerEmailId\":\"nobita@abc.com\"\r\n}",
					"options": {
						"raw": {
							"language": "json"
						}
					}
				},
				"url": {
					"raw": "http://localhost:4000/payment/addcard",
					"protocol": "http",
					"host": [
						"localhost"
					],
					"port": "4000",
					"path": [
						"payment",
						"addcard"
					]
				}
			},
			"response": []
		},
		{
			"name": "Delete a card",
			"request": {
				"method": "DELETE",
				"header": [],
				"url": {
					"raw": "http://localhost:4000/payment/delete/1234567812345678",
					"protocol": "http",
					"host": [
						"localhost"
					],
					"port": "4000",
					"path": [
						"payment",
						"delete",
						"1234567812345678"
					]
				}
			},
			"response": []
		},
		{
			"name": "Get a card",
			"request": {
				"method": "GET",
				"header": [],
				"url": {
					"raw": "http://localhost:4000/payment/getcard/1234567812345679",
					"protocol": "http",
					"host": [
						"localhost"
					],
					"port": "4000",
					"path": [
						"payment",
						"getcard",
						"1234567812345679"
					]
				}
			},
			"response": []
		},
		{
			"name": "Get a payment by id",
			"request": {
				"method": "GET",
				"header": [],
				"url": {
					"raw": "http://localhost:4000/payment/getpayment/13",
					"protocol": "http",
					"host": [
						"localhost"
					],
					"port": "4000",
					"path": [
						"payment",
						"getpayment",
						"13"
					]
				}
			},
			"response": []
		},
		{
			"name": "Get all cards",
			"request": {
				"method": "GET",
				"header": [],
				"url": {
					"raw": "http://localhost:4000/payment/getallcards/rama@abc.com",
					"protocol": "http",
					"host": [
						"localhost"
					],
					"port": "4000",
					"path": [
						"payment",
						"getallcards",
						"rama@abc.com"
					]
				}
			},
			"response": []
		},
		{
			"name": "Make Payment",
			"request": {
				"method": "POST",
				"header": [],
				"url": {
					"raw": "http://localhost:4000/payment/makepayment/1234567812345679/720",
					"protocol": "http",
					"host": [
						"localhost"
					],
					"port": "4000",
					"path": [
						"payment",
						"makepayment",
						"1234567812345679",
						"720"
					]
				}
			},
			"response": []
		}
	]
}