{
	"info": {
		"_postman_id": "db7d5d4f-9b1d-40e0-bfb4-78828b0f40b3",
		"name": "user",
		"schema": "https://schema.getpostman.com/json/collection/v2.1.0/collection.json"
	},
	"item": [
		{
			"name": "Authenticate",
			"request": {
				"method": "GET",
				"header": [],
				"url": {
					"raw": "http://localhost:4000/customer/authenticate/rama@abc.com/rama",
					"protocol": "http",
					"host": [
						"localhost"
					],
					"port": "4000",
					"path": [
						"customer",
						"authenticate",
						"rama@abc.com",
						"rama"
					]
				}
			},
			"response": []
		},
		{
			"name": "Register",
			"request": {
				"method": "POST",
				"header": [],
				"body": {
					"mode": "raw",
					"raw": "{\r\n    \"customerName\": \"nobita\",\r\n    \"customerEmailId\": \"nobita@abc.com\",\r\n    \"contactNumber\": \"9999999999\",\r\n    \"password\": \"doremon\",\r\n    \"gender\": \"male\",\r\n    \"dateOfBirth\": \"12-12-2012\"\r\n}",
					"options": {
						"raw": {
							"language": "json"
						}
					}
				},
				"url": {
					"raw": "http://localhost:4000/customer/register",
					"protocol": "http",
					"host": [
						"localhost"
					],
					"port": "4000",
					"path": [
						"customer",
						"register"
					]
				}
			},
			"response": []
		},
		{
			"name": "Get a customer by email",
			"request": {
				"method": "GET",
				"header": [],
				"url": {
					"raw": "http://localhost:4000/customer/getcustomer/nobita@abc.com",
					"protocol": "http",
					"host": [
						"localhost"
					],
					"port": "4000",
					"path": [
						"customer",
						"getcustomer",
						"nobita@abc.com"
					]
				}
			},
			"response": []
		},
		{
			"name": "Upgrading plan",
			"request": {
				"method": "PUT",
				"header": [],
				"body": {
					"mode": "raw",
					"raw": "{\r\n    \"customerEmailId\": \"nobita@abc.com\",\r\n    \"plan\": {\r\n        \"planName\": \"QUARTERLY\"\r\n    }\r\n}",
					"options": {
						"raw": {
							"language": "json"
						}
					}
				},
				"url": {
					"raw": "http://localhost:4000/customer/upgrade",
					"protocol": "http",
					"host": [
						"localhost"
					],
					"port": "4000",
					"path": [
						"customer",
						"upgrade"
					]
				}
			},
			"response": []
		},
		{
			"name": "Get plan of a customer",
			"request": {
				"method": "GET",
				"header": [],
				"url": {
					"raw": "http://localhost:4000/customer/getplan/nobita@abc.com",
					"protocol": "http",
					"host": [
						"localhost"
					],
					"port": "4000",
					"path": [
						"customer",
						"getplan",
						"nobita@abc.com"
					]
				}
			},
			"response": []
		},
		{
			"name": "Adding address",
			"request": {
				"method": "PUT",
				"header": [],
				"body": {
					"mode": "raw",
					"raw": "{\r\n    \"addressName\": \"work\",\r\n    \"addressLine1\": \"3-33,prestige apartments\",\r\n    \"addressLine2\": \"Raja street\",\r\n    \"area\": \"T nagar\",\r\n    \"city\": \"nellore\",\r\n    \"state\": \"andhra pradesh\",\r\n    \"pincode\": \"524366\"\r\n}",
					"options": {
						"raw": {
							"language": "json"
						}
					}
				},
				"url": {
					"raw": "http://localhost:4000/customer/addaddress/nobita@abc.com",
					"protocol": "http",
					"host": [
						"localhost"
					],
					"port": "4000",
					"path": [
						"customer",
						"addaddress",
						"nobita@abc.com"
					]
				}
			},
			"response": []
		},
		{
			"name": "Get all addresses",
			"request": {
				"method": "GET",
				"header": [],
				"url": {
					"raw": "http://localhost:4000/customer/addresses/nobita@abc.com",
					"protocol": "http",
					"host": [
						"localhost"
					],
					"port": "4000",
					"path": [
						"customer",
						"addresses",
						"nobita@abc.com"
					]
				}
			},
			"response": []
		},
		{
			"name": "Delete address",
			"request": {
				"method": "DELETE",
				"header": [],
				"url": {
					"raw": "http://localhost:4000/customer/delete/4",
					"protocol": "http",
					"host": [
						"localhost"
					],
					"port": "4000",
					"path": [
						"customer",
						"delete",
						"4"
					]
				}
			},
			"response": []
		}
	]
}